{"val/loss_epoch_mean":0.27341529726982117,"val/recall@5":0.25,"val/precision@5":0.05000000074505806,"val/map":0.6117973327636719,"val/precision_micro":0.3003799021244049,"epoch":0,"_runtime":4209,"train/loss_step":0.09316632151603699,"val/f1_micro":0.4362128674983978,"val/recall_macro":0.1538461595773697,"_timestamp":1.7609511331315022e+09,"val/loss":0.0674726739525795,"val/recall@10":0.375,"_step":297,"val/precision@recall":0,"val/f1_macro":0.047863248735666275,"val/auc_macro":0.46428571428571425,"trainer/global_step":14896,"val/auc_micro":0.8873133659362793,"val/precision@10":0.03750000149011612,"_wandb":{"runtime":4209},"val/recall_micro":0.7963050603866577,"val/per_class":{"_type":"table-file","ncols":4,"size":1027,"nrows":26,"log_mode":"IMMUTABLE","sha256":"1b7b21d5f9523510a257aa4a4c1423a69298c59b09f2ef6dc5d2228197939441","_latest_artifact_path":"wandb-client-artifact://piqrreuxbjrxnmrovvvt830zlichavtx69gs17qbbh37yfptl7sh4yljyis8grgln6ni0pcncvc9xktntrzj11u7ah2ttxjh0ub8on3trdoqytw4eqhrl7k23i6egph4:latest/val/per_class.table.json","artifact_path":"wandb-client-artifact://88dcnq45e0naucovm21khojxwcuyed1ggiwbsqx1qwhvi4zju1b14jtaxsnpwv7ea7v3xjnvnwd6nn02gkamj14v4zqpsisrcrj4g3odk3cxjhbmdicoqjp2aykjkaz7/val/per_class.table.json","path":"media/table/val/per_class_0_1b7b21d5f9523510a257.table.json"},"val/precision_macro":0.028846153989434242}